x,y,z,num_drop,volume[ml],RoI
0.899999976,0.00000000,0.00000000,7535,0.493731131E-4,1.00000000
0.400000006,0.00000000,-0.100000001,2680,0.331881307E-1,1.00000000
